route,from_city,to_city,airline,price_inr,departure,arrival,duration,stops,scraped_at
ATQ-BLR,Amritsar,Bangalore,,15484,11:20 AM,2:40 PM,3 hr 20 min,Nonstop,2026-05-26T00:59:07.889953
ATQ-BLR,Amritsar,Bangalore,,18188,11:55 PM,6:35 AM,6 hr 40 min,1 stop,2026-05-26T00:59:07.893610
ATQ-BLR,Amritsar,Bangalore,,33785,10:40 PM,4:40 AM,6 hr,1 stop,2026-05-26T00:59:07.896426
ATQ-BLR,Amritsar,Bangalore,,34774,12:40 PM,7:55 PM,7 hr 15 min,1 stop,2026-05-26T00:59:07.898910
ATQ-BLR,Amritsar,Bangalore,,46674,11:10 PM,5:55 AM,6 hr 45 min,1 stop,2026-05-26T00:59:07.901432
ATQ-BLR,Amritsar,Bangalore,,15484,11:20 AM,11:20 AM,3 hr 20 min,Nonstop,2026-05-26T00:59:07.917761
ATQ-BLR,Amritsar,Bangalore,,18188,11:55 PM,11:55 PM,6 hr 40 min,1 stop,2026-05-26T00:59:07.921377
ATQ-BLR,Amritsar,Bangalore,,33785,10:40 PM,10:40 PM,6 hr,1 stop,2026-05-26T00:59:07.923824
ATQ-BLR,Amritsar,Bangalore,,34774,12:40 PM,12:40 PM,7 hr 15 min,1 stop,2026-05-26T00:59:07.926042
ATQ-BLR,Amritsar,Bangalore,,46674,11:10 PM,11:10 PM,6 hr 45 min,1 stop,2026-05-26T00:59:07.928238
ATQ-COK,Amritsar,Cochin,,16747,11:55 PM,4:50 AM,4 hr 55 min,1 stop,2026-05-26T00:59:21.286906
ATQ-COK,Amritsar,Cochin,,19649,11:20 AM,7:05 PM,7 hr 45 min,1 stop,2026-05-26T00:59:21.289169
ATQ-COK,Amritsar,Cochin,,20576,12:40 PM,8:20 PM,7 hr 40 min,1 stop,2026-05-26T00:59:21.291394
ATQ-COK,Amritsar,Cochin,,21515,11:20 AM,4:50 PM,5 hr 30 min,1 stop,2026-05-26T00:59:21.293579
ATQ-COK,Amritsar,Cochin,,16747,11:55 PM,11:55 PM,4 hr 55 min,1 stop,2026-05-26T00:59:21.297828
ATQ-COK,Amritsar,Cochin,,19649,11:20 AM,11:20 AM,7 hr 45 min,1 stop,2026-05-26T00:59:21.299910
ATQ-COK,Amritsar,Cochin,,20576,12:40 PM,12:40 PM,7 hr 40 min,1 stop,2026-05-26T00:59:21.302145
ATQ-COK,Amritsar,Cochin,,21515,11:20 AM,11:20 AM,5 hr 30 min,1 stop,2026-05-26T00:59:21.304446
ATQ-GOI,Amritsar,Dabolim,,15188,10:40 PM,6:05 AM,7 hr 25 min,1 stop,2026-05-26T00:59:32.927543
ATQ-GOI,Amritsar,Dabolim,,15398,8:05 AM,2:40 PM,6 hr 35 min,1 stop,2026-05-26T00:59:32.931835
ATQ-GOI,Amritsar,Dabolim,,15706,11:10 PM,7:40 AM,8 hr 30 min,1 stop,2026-05-26T00:59:32.934718
ATQ-GOI,Amritsar,Dabolim,,16282,12:40 PM,7:30 PM,6 hr 50 min,1 stop,2026-05-26T00:59:32.937436
ATQ-GOI,Amritsar,Dabolim,,16298,8:20 AM,6:05 PM,9 hr 45 min,1 stop,2026-05-26T00:59:32.939814
ATQ-GOI,Amritsar,Dabolim,,16979,8:20 AM,3:10 PM,6 hr 50 min,1 stop,2026-05-26T00:59:32.942150
ATQ-GOI,Amritsar,Dabolim,,15188,10:40 PM,10:40 PM,7 hr 25 min,1 stop,2026-05-26T00:59:32.946753
ATQ-GOI,Amritsar,Dabolim,,15398,8:05 AM,8:05 AM,6 hr 35 min,1 stop,2026-05-26T00:59:32.951174
ATQ-GOI,Amritsar,Dabolim,,15706,11:10 PM,11:10 PM,8 hr 30 min,1 stop,2026-05-26T00:59:32.953966
ATQ-GOI,Amritsar,Dabolim,,16282,12:40 PM,12:40 PM,6 hr 50 min,1 stop,2026-05-26T00:59:32.956778
ATQ-GOI,Amritsar,Dabolim,,16298,8:20 AM,8:20 AM,9 hr 45 min,1 stop,2026-05-26T00:59:32.960697
ATQ-GOI,Amritsar,Dabolim,,16979,8:20 AM,8:20 AM,6 hr 50 min,1 stop,2026-05-26T00:59:32.964083
ATQ-DEL,Amritsar,Delhi,,6206,11:10 PM,12:25 AM,1 hr 15 min,Nonstop,2026-05-26T00:59:46.503629
ATQ-DEL,Amritsar,Delhi,,6606,11:40 PM,12:50 AM,1 hr 10 min,Nonstop,2026-05-26T00:59:46.506168
ATQ-DEL,Amritsar,Delhi,,6688,10:20 AM,11:50 AM,1 hr 30 min,Nonstop,2026-05-26T00:59:46.508492
ATQ-DEL,Amritsar,Delhi,,7040,11:20 PM,12:35 AM,1 hr 15 min,Nonstop,2026-05-26T00:59:46.510752
ATQ-DEL,Amritsar,Delhi,,7435,8:05 AM,9:15 AM,1 hr 10 min,Nonstop,2026-05-26T00:59:46.513040
ATQ-DEL,Amritsar,Delhi,,9439,1:10 PM,2:20 PM,1 hr 10 min,Nonstop,2026-05-26T00:59:46.515659
ATQ-DEL,Amritsar,Delhi,,10867,1:05 PM,2:40 PM,1 hr 35 min,Nonstop,2026-05-26T00:59:46.518454
ATQ-DEL,Amritsar,Delhi,,11782,12:40 PM,2:00 PM,1 hr 20 min,Nonstop,2026-05-26T00:59:46.520878
ATQ-DEL,Amritsar,Delhi,,15093,7:05 AM,8:25 AM,1 hr 20 min,Nonstop,2026-05-26T00:59:46.524970
ATQ-DEL,Amritsar,Delhi,,6206,11:10 PM,11:10 PM,1 hr 15 min,Nonstop,2026-05-26T00:59:46.527803
ATQ-DEL,Amritsar,Delhi,,6606,11:40 PM,11:40 PM,1 hr 10 min,Nonstop,2026-05-26T00:59:46.530246
ATQ-DEL,Amritsar,Delhi,,6688,10:20 AM,10:20 AM,1 hr 30 min,Nonstop,2026-05-26T00:59:46.533917
ATQ-DEL,Amritsar,Delhi,,7040,11:20 PM,11:20 PM,1 hr 15 min,Nonstop,2026-05-26T00:59:46.536244
ATQ-DEL,Amritsar,Delhi,,7435,8:05 AM,8:05 AM,1 hr 10 min,Nonstop,2026-05-26T00:59:46.538641
ATQ-DEL,Amritsar,Delhi,,9439,1:10 PM,1:10 PM,1 hr 10 min,Nonstop,2026-05-26T00:59:46.540922
ATQ-DEL,Amritsar,Delhi,,10867,1:05 PM,1:05 PM,1 hr 35 min,Nonstop,2026-05-26T00:59:46.543257
ATQ-DEL,Amritsar,Delhi,,11782,12:40 PM,12:40 PM,1 hr 20 min,Nonstop,2026-05-26T00:59:46.545619
ATQ-DEL,Amritsar,Delhi,,15093,7:05 AM,7:05 AM,1 hr 20 min,Nonstop,2026-05-26T00:59:46.548017
ATQ-HYD,Amritsar,Hyderabad,,14906,11:10 AM,4:45 PM,5 hr 35 min,1 stop,2026-05-26T01:00:00.701614
ATQ-HYD,Amritsar,Hyderabad,,14985,11:10 PM,4:40 AM,5 hr 30 min,1 stop,2026-05-26T01:00:00.705197
ATQ-HYD,Amritsar,Hyderabad,,30758,8:05 AM,2:00 PM,5 hr 55 min,1 stop,2026-05-26T01:00:00.708168
ATQ-HYD,Amritsar,Hyderabad,,30758,12:40 PM,6:30 PM,5 hr 50 min,1 stop,2026-05-26T01:00:00.710735
ATQ-HYD,Amritsar,Hyderabad,,14906,11:10 AM,11:10 AM,5 hr 35 min,1 stop,2026-05-26T01:00:00.715389
ATQ-HYD,Amritsar,Hyderabad,,14985,11:10 PM,11:10 PM,5 hr 30 min,1 stop,2026-05-26T01:00:00.717527
ATQ-HYD,Amritsar,Hyderabad,,30758,8:05 AM,8:05 AM,5 hr 55 min,1 stop,2026-05-26T01:00:00.719496
ATQ-HYD,Amritsar,Hyderabad,,30758,12:40 PM,12:40 PM,5 hr 50 min,1 stop,2026-05-26T01:00:00.721667
ATQ-CCU,Amritsar,Kolkata,,16041,7:45 AM,8:40 PM,12 hr 55 min,2 stops,2026-05-26T01:01:19.738704
ATQ-CCU,Amritsar,Kolkata,,16803,7:05 AM,11:50 AM,4 hr 45 min,1 stop,2026-05-26T01:01:19.741308
ATQ-CCU,Amritsar,Kolkata,,16803,1:10 PM,6:35 PM,5 hr 25 min,1 stop,2026-05-26T01:01:19.743711
ATQ-CCU,Amritsar,Kolkata,,16803,11:20 PM,4:50 AM,5 hr 30 min,1 stop,2026-05-26T01:01:19.746015
ATQ-CCU,Amritsar,Kolkata,,17645,10:20 AM,3:20 PM,5 hr,1 stop,2026-05-26T01:01:19.749937
ATQ-CCU,Amritsar,Kolkata,,17660,11:05 AM,6:35 PM,7 hr 30 min,1 stop,2026-05-26T01:01:19.752318
ATQ-CCU,Amritsar,Kolkata,,20526,1:15 PM,7:55 PM,6 hr 40 min,1 stop,2026-05-26T01:01:19.754512
ATQ-CCU,Amritsar,Kolkata,,31246,12:40 PM,6:15 PM,5 hr 35 min,1 stop,2026-05-26T01:01:19.756688
ATQ-CCU,Amritsar,Kolkata,,31246,11:10 PM,5:00 AM,5 hr 50 min,1 stop,2026-05-26T01:01:19.758937
ATQ-CCU,Amritsar,Kolkata,,16041,7:45 AM,7:45 AM,12 hr 55 min,2 stops,2026-05-26T01:01:19.761092
ATQ-CCU,Amritsar,Kolkata,,16803,7:05 AM,7:05 AM,4 hr 45 min,1 stop,2026-05-26T01:01:19.763184
ATQ-CCU,Amritsar,Kolkata,,16803,1:10 PM,1:10 PM,5 hr 25 min,1 stop,2026-05-26T01:01:19.765651
ATQ-CCU,Amritsar,Kolkata,,16803,11:20 PM,11:20 PM,5 hr 30 min,1 stop,2026-05-26T01:01:19.768362
ATQ-CCU,Amritsar,Kolkata,,17645,10:20 AM,10:20 AM,5 hr,1 stop,2026-05-26T01:01:19.770598
ATQ-CCU,Amritsar,Kolkata,,17660,11:05 AM,11:05 AM,7 hr 30 min,1 stop,2026-05-26T01:01:19.772775
ATQ-CCU,Amritsar,Kolkata,,20526,1:15 PM,1:15 PM,6 hr 40 min,1 stop,2026-05-26T01:01:19.774938
ATQ-CCU,Amritsar,Kolkata,,31246,12:40 PM,12:40 PM,5 hr 35 min,1 stop,2026-05-26T01:01:19.777014
ATQ-CCU,Amritsar,Kolkata,,31246,11:10 PM,11:10 PM,5 hr 50 min,1 stop,2026-05-26T01:01:19.779168
ATQ-MAA,Amritsar,Madras,,17573,12:20 PM,7:10 PM,6 hr 50 min,1 stop,2026-05-26T01:01:32.644111
ATQ-MAA,Amritsar,Madras,,18620,7:05 AM,12:45 PM,5 hr 40 min,1 stop,2026-05-26T01:01:32.648218
ATQ-MAA,Amritsar,Madras,,18620,1:10 PM,7:10 PM,6 hr,1 stop,2026-05-26T01:01:32.651381
ATQ-MAA,Amritsar,Madras,,18827,10:30 PM,8:40 AM,10 hr 10 min,1 stop,2026-05-26T01:01:32.654043
ATQ-MAA,Amritsar,Madras,,18856,11:40 PM,8:40 AM,9 hr,1 stop,2026-05-26T01:01:32.656791
ATQ-MAA,Amritsar,Madras,,19505,11:20 PM,8:40 AM,9 hr 20 min,1 stop,2026-05-26T01:01:32.659344
ATQ-MAA,Amritsar,Madras,,20491,1:15 PM,8:25 PM,7 hr 10 min,1 stop,2026-05-26T01:01:32.661693
ATQ-MAA,Amritsar,Madras,,20639,8:30 AM,2:50 PM,6 hr 20 min,1 stop,2026-05-26T01:01:32.666027
ATQ-MAA,Amritsar,Madras,,21769,11:10 PM,5:45 AM,6 hr 35 min,1 stop,2026-05-26T01:01:32.669826
ATQ-MAA,Amritsar,Madras,,26023,11:55 PM,5:25 AM,5 hr 30 min,1 stop,2026-05-26T01:01:32.672398
ATQ-MAA,Amritsar,Madras,,17573,12:20 PM,12:20 PM,6 hr 50 min,1 stop,2026-05-26T01:01:32.675003
ATQ-MAA,Amritsar,Madras,,18620,7:05 AM,7:05 AM,5 hr 40 min,1 stop,2026-05-26T01:01:32.677517
ATQ-MAA,Amritsar,Madras,,18620,1:10 PM,1:10 PM,6 hr,1 stop,2026-05-26T01:01:32.680116
ATQ-MAA,Amritsar,Madras,,18827,10:30 PM,10:30 PM,10 hr 10 min,1 stop,2026-05-26T01:01:32.684945
ATQ-MAA,Amritsar,Madras,,18856,11:40 PM,11:40 PM,9 hr,1 stop,2026-05-26T01:01:32.688745
ATQ-MAA,Amritsar,Madras,,19505,11:20 PM,11:20 PM,9 hr 20 min,1 stop,2026-05-26T01:01:32.692808
ATQ-MAA,Amritsar,Madras,,20491,1:15 PM,1:15 PM,7 hr 10 min,1 stop,2026-05-26T01:01:32.734011
ATQ-MAA,Amritsar,Madras,,20639,8:30 AM,8:30 AM,6 hr 20 min,1 stop,2026-05-26T01:01:32.740243
ATQ-MAA,Amritsar,Madras,,21769,11:10 PM,11:10 PM,6 hr 35 min,1 stop,2026-05-26T01:01:32.743414
ATQ-MAA,Amritsar,Madras,,26023,11:55 PM,11:55 PM,5 hr 30 min,1 stop,2026-05-26T01:01:32.745986
ATQ-BOM,Amritsar,Mumbai,,12056,8:20 AM,10:55 AM,2 hr 35 min,Nonstop,2026-05-26T01:01:44.898573
ATQ-BOM,Amritsar,Mumbai,,13019,10:40 PM,1:15 AM,2 hr 35 min,Nonstop,2026-05-26T01:01:44.902277
ATQ-BOM,Amritsar,Mumbai,,14306,11:10 AM,6:25 PM,7 hr 15 min,1 stop,2026-05-26T01:01:44.905122
ATQ-BOM,Amritsar,Mumbai,,14663,1:15 PM,4:10 PM,2 hr 55 min,Nonstop,2026-05-26T01:01:44.907391
ATQ-BOM,Amritsar,Mumbai,,29817,11:10 PM,5:20 AM,6 hr 10 min,1 stop,2026-05-26T01:01:44.909573
ATQ-BOM,Amritsar,Mumbai,,12056,8:20 AM,8:20 AM,2 hr 35 min,Nonstop,2026-05-26T01:01:44.914065
ATQ-BOM,Amritsar,Mumbai,,13019,10:40 PM,10:40 PM,2 hr 35 min,Nonstop,2026-05-26T01:01:44.916630
ATQ-BOM,Amritsar,Mumbai,,14306,11:10 AM,11:10 AM,7 hr 15 min,1 stop,2026-05-26T01:01:44.918874
ATQ-BOM,Amritsar,Mumbai,,14663,1:15 PM,1:15 PM,2 hr 55 min,Nonstop,2026-05-26T01:01:44.920934
ATQ-BOM,Amritsar,Mumbai,,29817,11:10 PM,11:10 PM,6 hr 10 min,1 stop,2026-05-26T01:01:44.923117
ATQ-TRV,Amritsar,Trivandrum,,22652,12:20 PM,6:55 PM,6 hr 35 min,1 stop,2026-05-26T01:01:59.069194
ATQ-TRV,Amritsar,Trivandrum,,22652,1:10 PM,2:20 AM,13 hr 10 min,1 stop,2026-05-26T01:01:59.073954
ATQ-TRV,Amritsar,Trivandrum,,22652,11:20 PM,10:25 AM,11 hr 5 min,1 stop,2026-05-26T01:01:59.077417
ATQ-TRV,Amritsar,Trivandrum,,24297,11:20 AM,10:55 PM,11 hr 35 min,1 stop,2026-05-26T01:01:59.079685
ATQ-TRV,Amritsar,Trivandrum,,24567,1:15 PM,7:45 PM,6 hr 30 min,1 stop,2026-05-26T01:01:59.082267
ATQ-TRV,Amritsar,Trivandrum,,26473,12:40 PM,11:30 PM,10 hr 50 min,1 stop,2026-05-26T01:01:59.084819
ATQ-TRV,Amritsar,Trivandrum,,26891,11:40 PM,10:25 AM,10 hr 45 min,1 stop,2026-05-26T01:01:59.087016
ATQ-TRV,Amritsar,Trivandrum,,28127,8:20 AM,5:25 PM,9 hr 5 min,1 stop,2026-05-26T01:01:59.089223
ATQ-TRV,Amritsar,Trivandrum,,22652,12:20 PM,12:20 PM,6 hr 35 min,1 stop,2026-05-26T01:01:59.091418
ATQ-TRV,Amritsar,Trivandrum,,22652,1:10 PM,1:10 PM,13 hr 10 min,1 stop,2026-05-26T01:01:59.093506
ATQ-TRV,Amritsar,Trivandrum,,22652,11:20 PM,11:20 PM,11 hr 5 min,1 stop,2026-05-26T01:01:59.095711
ATQ-TRV,Amritsar,Trivandrum,,24297,11:20 AM,11:20 AM,11 hr 35 min,1 stop,2026-05-26T01:01:59.098345
ATQ-TRV,Amritsar,Trivandrum,,24567,1:15 PM,1:15 PM,6 hr 30 min,1 stop,2026-05-26T01:01:59.100879
ATQ-TRV,Amritsar,Trivandrum,,26473,12:40 PM,12:40 PM,10 hr 50 min,1 stop,2026-05-26T01:01:59.103150
ATQ-TRV,Amritsar,Trivandrum,,26891,11:40 PM,11:40 PM,10 hr 45 min,1 stop,2026-05-26T01:01:59.105393
ATQ-TRV,Amritsar,Trivandrum,,28127,8:20 AM,8:20 AM,9 hr 5 min,1 stop,2026-05-26T01:01:59.107602
BLR-COK,Bangalore,Cochin,,6712,3:15 PM,4:30 PM,1 hr 15 min,Nonstop,2026-05-26T01:02:11.370368
BLR-COK,Bangalore,Cochin,,7161,7:05 AM,8:05 AM,1 hr,Nonstop,2026-05-26T01:02:11.374496
BLR-COK,Bangalore,Cochin,,7358,8:40 AM,9:55 AM,1 hr 15 min,Nonstop,2026-05-26T01:02:11.377515
BLR-COK,Bangalore,Cochin,,7161,3:50 PM,4:50 PM,1 hr,Nonstop,2026-05-26T01:02:11.380431
BLR-COK,Bangalore,Cochin,,7161,6:00 PM,7:05 PM,1 hr 5 min,Nonstop,2026-05-26T01:02:11.383239
BLR-COK,Bangalore,Cochin,,7161,7:20 PM,8:25 PM,1 hr 5 min,Nonstop,2026-05-26T01:02:11.386716
BLR-COK,Bangalore,Cochin,,7358,4:15 PM,5:30 PM,1 hr 15 min,Nonstop,2026-05-26T01:02:11.389529
BLR-COK,Bangalore,Cochin,,7358,9:00 PM,10:05 PM,1 hr 5 min,Nonstop,2026-05-26T01:02:11.392098
BLR-COK,Bangalore,Cochin,,7468,8:05 AM,9:25 AM,1 hr 20 min,Nonstop,2026-05-26T01:02:11.394637
BLR-COK,Bangalore,Cochin,,7468,12:55 PM,2:00 PM,1 hr 5 min,Nonstop,2026-05-26T01:02:11.397141
BLR-COK,Bangalore,Cochin,,7468,2:25 PM,3:35 PM,1 hr 10 min,Nonstop,2026-05-26T01:02:11.399758
BLR-COK,Bangalore,Cochin,,9084,10:25 AM,11:30 AM,1 hr 5 min,Nonstop,2026-05-26T01:02:11.404173
BLR-COK,Bangalore,Cochin,,14094,3:50 PM,3:30 AM,11 hr 40 min,1 stop,2026-05-26T01:02:11.407072
BLR-COK,Bangalore,Cochin,,6712,3:15 PM,3:15 PM,1 hr 15 min,Nonstop,2026-05-26T01:02:11.409649
BLR-COK,Bangalore,Cochin,,7161,7:05 AM,7:05 AM,1 hr,Nonstop,2026-05-26T01:02:11.412124
BLR-COK,Bangalore,Cochin,,7358,8:40 AM,8:40 AM,1 hr 15 min,Nonstop,2026-05-26T01:02:11.414587
BLR-COK,Bangalore,Cochin,,7161,3:50 PM,3:50 PM,1 hr,Nonstop,2026-05-26T01:02:11.417005
BLR-COK,Bangalore,Cochin,,7161,6:00 PM,6:00 PM,1 hr 5 min,Nonstop,2026-05-26T01:02:11.419391
BLR-COK,Bangalore,Cochin,,7161,7:20 PM,7:20 PM,1 hr 5 min,Nonstop,2026-05-26T01:02:11.421786
BLR-COK,Bangalore,Cochin,,7358,4:15 PM,4:15 PM,1 hr 15 min,Nonstop,2026-05-26T01:02:11.424115
BLR-COK,Bangalore,Cochin,,7358,9:00 PM,9:00 PM,1 hr 5 min,Nonstop,2026-05-26T01:02:11.426498
BLR-COK,Bangalore,Cochin,,7468,8:05 AM,8:05 AM,1 hr 20 min,Nonstop,2026-05-26T01:02:11.428997
BLR-COK,Bangalore,Cochin,,7468,12:55 PM,12:55 PM,1 hr 5 min,Nonstop,2026-05-26T01:02:11.431358
BLR-COK,Bangalore,Cochin,,7468,2:25 PM,2:25 PM,1 hr 10 min,Nonstop,2026-05-26T01:02:11.433824
BLR-COK,Bangalore,Cochin,,9084,10:25 AM,10:25 AM,1 hr 5 min,Nonstop,2026-05-26T01:02:11.436240
BLR-COK,Bangalore,Cochin,,14094,3:50 PM,3:50 PM,11 hr 40 min,1 stop,2026-05-26T01:02:11.438596
BLR-GOI,Bangalore,Dabolim,,4168,5:40 PM,6:55 PM,1 hr 15 min,Nonstop,2026-05-26T01:02:23.486339
BLR-GOI,Bangalore,Dabolim,,4168,7:10 PM,8:25 PM,1 hr 15 min,Nonstop,2026-05-26T01:02:23.490099
BLR-GOI,Bangalore,Dabolim,,4367,3:15 PM,4:35 PM,1 hr 20 min,Nonstop,2026-05-26T01:02:23.493137
BLR-GOI,Bangalore,Dabolim,,5204,1:05 PM,2:15 PM,1 hr 10 min,Nonstop,2026-05-26T01:02:23.495627
BLR-GOI,Bangalore,Dabolim,,5204,3:20 PM,4:30 PM,1 hr 10 min,Nonstop,2026-05-26T01:02:23.498062
BLR-GOI,Bangalore,Dabolim,,5842,6:05 AM,7:20 AM,1 hr 15 min,Nonstop,2026-05-26T01:02:23.500232
BLR-GOI,Bangalore,Dabolim,,6366,12:35 PM,1:50 PM,1 hr 15 min,Nonstop,2026-05-26T01:02:23.502516
BLR-GOI,Bangalore,Dabolim,,4168,5:40 PM,5:40 PM,1 hr 15 min,Nonstop,2026-05-26T01:02:23.504771
BLR-GOI,Bangalore,Dabolim,,4168,7:10 PM,7:10 PM,1 hr 15 min,Nonstop,2026-05-26T01:02:23.506880
BLR-GOI,Bangalore,Dabolim,,4367,3:15 PM,3:15 PM,1 hr 20 min,Nonstop,2026-05-26T01:02:23.509002
BLR-GOI,Bangalore,Dabolim,,5204,1:05 PM,1:05 PM,1 hr 10 min,Nonstop,2026-05-26T01:02:23.511058
BLR-GOI,Bangalore,Dabolim,,5204,3:20 PM,3:20 PM,1 hr 10 min,Nonstop,2026-05-26T01:02:23.513597
BLR-GOI,Bangalore,Dabolim,,5842,6:05 AM,6:05 AM,1 hr 15 min,Nonstop,2026-05-26T01:02:23.515631
BLR-GOI,Bangalore,Dabolim,,6366,12:35 PM,12:35 PM,1 hr 15 min,Nonstop,2026-05-26T01:02:23.517688
BLR-DEL,Bangalore,Delhi,,13422,5:50 AM,8:50 AM,3 hr,Nonstop,2026-05-26T01:02:36.405794
BLR-DEL,Bangalore,Delhi,,13422,1:05 PM,4:00 PM,2 hr 55 min,Nonstop,2026-05-26T01:02:36.410115
BLR-DEL,Bangalore,Delhi,,13422,1:30 PM,4:25 PM,2 hr 55 min,Nonstop,2026-05-26T01:02:36.414659
BLR-DEL,Bangalore,Delhi,,13487,12:35 PM,6:10 PM,5 hr 35 min,1 stop,2026-05-26T01:02:36.421103
BLR-DEL,Bangalore,Delhi,,14719,1:00 AM,3:50 AM,2 hr 50 min,Nonstop,2026-05-26T01:02:36.425157
BLR-DEL,Bangalore,Delhi,,14719,3:00 AM,5:50 AM,2 hr 50 min,Nonstop,2026-05-26T01:02:36.429209
BLR-DEL,Bangalore,Delhi,,14719,5:05 AM,7:55 AM,2 hr 50 min,Nonstop,2026-05-26T01:02:36.433577
BLR-DEL,Bangalore,Delhi,,14719,7:00 AM,9:50 AM,2 hr 50 min,Nonstop,2026-05-26T01:02:36.440173
BLR-DEL,Bangalore,Delhi,,14719,8:15 AM,11:05 AM,2 hr 50 min,Nonstop,2026-05-26T01:02:36.444331
BLR-DEL,Bangalore,Delhi,,14719,9:30 AM,12:30 PM,3 hr,Nonstop,2026-05-26T01:02:36.449194
BLR-DEL,Bangalore,Delhi,,14719,10:45 AM,1:35 PM,2 hr 50 min,Nonstop,2026-05-26T01:02:36.455990
BLR-DEL,Bangalore,Delhi,,14719,12:00 PM,2:50 PM,2 hr 50 min,Nonstop,2026-05-26T01:02:36.460086
BLR-DEL,Bangalore,Delhi,,14719,1:10 PM,4:05 PM,2 hr 55 min,Nonstop,2026-05-26T01:02:36.464515
BLR-DEL,Bangalore,Delhi,,14719,2:15 PM,4:45 PM,2 hr 30 min,Nonstop,2026-05-26T01:02:36.471319
BLR-DEL,Bangalore,Delhi,,14719,3:45 PM,6:40 PM,2 hr 55 min,Nonstop,2026-05-26T01:02:36.475306
BLR-DEL,Bangalore,Delhi,,14719,5:00 PM,7:50 PM,2 hr 50 min,Nonstop,2026-05-26T01:02:36.480182
BLR-DEL,Bangalore,Delhi,,14719,6:15 PM,9:05 PM,2 hr 50 min,Nonstop,2026-05-26T01:02:36.495584
BLR-DEL,Bangalore,Delhi,,14719,7:30 PM,10:15 PM,2 hr 45 min,Nonstop,2026-05-26T01:02:36.504658
BLR-DEL,Bangalore,Delhi,,14719,8:40 PM,11:30 PM,2 hr 50 min,Nonstop,2026-05-26T01:02:36.513421
BLR-DEL,Bangalore,Delhi,,14719,10:00 PM,12:50 AM,2 hr 50 min,Nonstop,2026-05-26T01:02:36.524979
BLR-DEL,Bangalore,Delhi,,14719,11:30 PM,2:20 AM,2 hr 50 min,Nonstop,2026-05-26T01:02:36.529173
BLR-DEL,Bangalore,Delhi,,15339,10:55 PM,1:45 AM,2 hr 50 min,Nonstop,2026-05-26T01:02:36.533438
BLR-DEL,Bangalore,Delhi,,15631,3:55 AM,7:00 AM,3 hr 5 min,Nonstop,2026-05-26T01:02:36.540257
BLR-DEL,Bangalore,Delhi,,15631,5:00 AM,7:50 AM,2 hr 50 min,Nonstop,2026-05-26T01:02:36.544939
BLR-DEL,Bangalore,Delhi,,16251,12:15 AM,3:10 AM,2 hr 55 min,Nonstop,2026-05-26T01:02:36.549069
BLR-DEL,Bangalore,Delhi,,16251,5:30 AM,8:25 AM,2 hr 55 min,Nonstop,2026-05-26T01:02:36.555541
BLR-DEL,Bangalore,Delhi,,16251,6:00 AM,8:45 AM,2 hr 45 min,Nonstop,2026-05-26T01:02:36.559536
BLR-DEL,Bangalore,Delhi,,16251,7:00 AM,10:00 AM,3 hr,Nonstop,2026-05-26T01:02:36.563453
BLR-DEL,Bangalore,Delhi,,16251,9:00 AM,12:00 PM,3 hr,Nonstop,2026-05-26T01:02:36.571194
BLR-DEL,Bangalore,Delhi,,16251,10:00 AM,1:00 PM,3 hr,Nonstop,2026-05-26T01:02:36.575086
BLR-DEL,Bangalore,Delhi,,16251,11:00 AM,2:00 PM,3 hr,Nonstop,2026-05-26T01:02:36.579362
BLR-DEL,Bangalore,Delhi,,16251,2:00 PM,4:45 PM,2 hr 45 min,Nonstop,2026-05-26T01:02:36.583481
BLR-DEL,Bangalore,Delhi,,16251,2:30 PM,5:15 PM,2 hr 45 min,Nonstop,2026-05-26T01:02:36.590057
BLR-DEL,Bangalore,Delhi,,16251,4:30 PM,7:25 PM,2 hr 55 min,Nonstop,2026-05-26T01:02:36.593990
BLR-DEL,Bangalore,Delhi,,16251,6:20 PM,9:10 PM,2 hr 50 min,Nonstop,2026-05-26T01:02:36.598547
BLR-DEL,Bangalore,Delhi,,16251,8:00 PM,10:45 PM,2 hr 45 min,Nonstop,2026-05-26T01:02:36.604941
BLR-DEL,Bangalore,Delhi,,16251,10:30 PM,1:25 AM,2 hr 55 min,Nonstop,2026-05-26T01:02:36.608922
BLR-DEL,Bangalore,Delhi,,17789,6:40 AM,9:25 AM,2 hr 45 min,Nonstop,2026-05-26T01:02:36.612889
BLR-DEL,Bangalore,Delhi,,13422,5:50 AM,5:50 AM,3 hr,Nonstop,2026-05-26T01:02:36.617164
BLR-DEL,Bangalore,Delhi,,13422,1:05 PM,1:05 PM,2 hr 55 min,Nonstop,2026-05-26T01:02:36.624299
BLR-DEL,Bangalore,Delhi,,13422,1:30 PM,1:30 PM,2 hr 55 min,Nonstop,2026-05-26T01:02:36.628694
BLR-DEL,Bangalore,Delhi,,13487,12:35 PM,12:35 PM,5 hr 35 min,1 stop,2026-05-26T01:02:36.632919
BLR-DEL,Bangalore,Delhi,,14719,1:00 AM,1:00 AM,2 hr 50 min,Nonstop,2026-05-26T01:02:36.639386
BLR-DEL,Bangalore,Delhi,,14719,3:00 AM,3:00 AM,2 hr 50 min,Nonstop,2026-05-26T01:02:36.643372
BLR-DEL,Bangalore,Delhi,,14719,5:05 AM,5:05 AM,2 hr 50 min,Nonstop,2026-05-26T01:02:36.647213
BLR-DEL,Bangalore,Delhi,,14719,7:00 AM,7:00 AM,2 hr 50 min,Nonstop,2026-05-26T01:02:36.654478
BLR-DEL,Bangalore,Delhi,,14719,8:15 AM,8:15 AM,2 hr 50 min,Nonstop,2026-05-26T01:02:36.658429
BLR-DEL,Bangalore,Delhi,,14719,9:30 AM,9:30 AM,3 hr,Nonstop,2026-05-26T01:02:36.662212
BLR-DEL,Bangalore,Delhi,,14719,10:45 AM,10:45 AM,2 hr 50 min,Nonstop,2026-05-26T01:02:36.666104
BLR-DEL,Bangalore,Delhi,,14719,12:00 PM,12:00 PM,2 hr 50 min,Nonstop,2026-05-26T01:02:36.672554
BLR-DEL,Bangalore,Delhi,,14719,1:10 PM,1:10 PM,2 hr 55 min,Nonstop,2026-05-26T01:02:36.676541
BLR-DEL,Bangalore,Delhi,,14719,2:15 PM,2:15 PM,2 hr 30 min,Nonstop,2026-05-26T01:02:36.680352
BLR-DEL,Bangalore,Delhi,,14719,3:45 PM,3:45 PM,2 hr 55 min,Nonstop,2026-05-26T01:02:36.688426
BLR-DEL,Bangalore,Delhi,,14719,5:00 PM,5:00 PM,2 hr 50 min,Nonstop,2026-05-26T01:02:36.692500
BLR-DEL,Bangalore,Delhi,,14719,6:15 PM,6:15 PM,2 hr 50 min,Nonstop,2026-05-26T01:02:36.696583
BLR-DEL,Bangalore,Delhi,,14719,7:30 PM,7:30 PM,2 hr 45 min,Nonstop,2026-05-26T01:02:36.704448
BLR-DEL,Bangalore,Delhi,,14719,8:40 PM,8:40 PM,2 hr 50 min,Nonstop,2026-05-26T01:02:36.708899
BLR-DEL,Bangalore,Delhi,,14719,10:00 PM,10:00 PM,2 hr 50 min,Nonstop,2026-05-26T01:02:36.712962
BLR-DEL,Bangalore,Delhi,,14719,11:30 PM,11:30 PM,2 hr 50 min,Nonstop,2026-05-26T01:02:36.717167
BLR-DEL,Bangalore,Delhi,,15339,10:55 PM,10:55 PM,2 hr 50 min,Nonstop,2026-05-26T01:02:36.723865
BLR-DEL,Bangalore,Delhi,,15631,3:55 AM,3:55 AM,3 hr 5 min,Nonstop,2026-05-26T01:02:36.727920
BLR-DEL,Bangalore,Delhi,,15631,5:00 AM,5:00 AM,2 hr 50 min,Nonstop,2026-05-26T01:02:36.732228
BLR-DEL,Bangalore,Delhi,,16251,12:15 AM,12:15 AM,2 hr 55 min,Nonstop,2026-05-26T01:02:36.738867
BLR-DEL,Bangalore,Delhi,,16251,5:30 AM,5:30 AM,2 hr 55 min,Nonstop,2026-05-26T01:02:36.742768
BLR-DEL,Bangalore,Delhi,,16251,6:00 AM,6:00 AM,2 hr 45 min,Nonstop,2026-05-26T01:02:36.746909
BLR-DEL,Bangalore,Delhi,,16251,7:00 AM,7:00 AM,3 hr,Nonstop,2026-05-26T01:02:36.753740
BLR-DEL,Bangalore,Delhi,,16251,9:00 AM,9:00 AM,3 hr,Nonstop,2026-05-26T01:02:36.757815
BLR-DEL,Bangalore,Delhi,,16251,10:00 AM,10:00 AM,3 hr,Nonstop,2026-05-26T01:02:36.761753
BLR-DEL,Bangalore,Delhi,,16251,11:00 AM,11:00 AM,3 hr,Nonstop,2026-05-26T01:02:36.766001
BLR-DEL,Bangalore,Delhi,,16251,2:00 PM,2:00 PM,2 hr 45 min,Nonstop,2026-05-26T01:02:36.772521
BLR-DEL,Bangalore,Delhi,,16251,2:30 PM,2:30 PM,2 hr 45 min,Nonstop,2026-05-26T01:02:36.776444
BLR-DEL,Bangalore,Delhi,,16251,4:30 PM,4:30 PM,2 hr 55 min,Nonstop,2026-05-26T01:02:36.780307
BLR-DEL,Bangalore,Delhi,,16251,6:20 PM,6:20 PM,2 hr 50 min,Nonstop,2026-05-26T01:02:36.787904
BLR-DEL,Bangalore,Delhi,,16251,8:00 PM,8:00 PM,2 hr 45 min,Nonstop,2026-05-26T01:02:36.791998
BLR-DEL,Bangalore,Delhi,,16251,10:30 PM,10:30 PM,2 hr 55 min,Nonstop,2026-05-26T01:02:36.796002
BLR-DEL,Bangalore,Delhi,,17789,6:40 AM,6:40 AM,2 hr 45 min,Nonstop,2026-05-26T01:02:36.800067
BLR-HYD,Bangalore,Hyderabad,,8672,6:25 AM,7:35 AM,1 hr 10 min,Nonstop,2026-05-26T01:02:48.546014
BLR-HYD,Bangalore,Hyderabad,,8672,8:15 AM,9:30 AM,1 hr 15 min,Nonstop,2026-05-26T01:02:48.549531
BLR-HYD,Bangalore,Hyderabad,,8672,9:15 AM,10:30 AM,1 hr 15 min,Nonstop,2026-05-26T01:02:48.553925
BLR-HYD,Bangalore,Hyderabad,,8957,12:30 PM,1:40 PM,1 hr 10 min,Nonstop,2026-05-26T01:02:48.556869
BLR-HYD,Bangalore,Hyderabad,,9078,6:05 AM,7:25 AM,1 hr 20 min,Nonstop,2026-05-26T01:02:48.559808
BLR-HYD,Bangalore,Hyderabad,,8104,10:40 AM,3:05 PM,4 hr 25 min,1 stop,2026-05-26T01:02:48.562637
BLR-HYD,Bangalore,Hyderabad,,8311,10:40 AM,2:10 PM,3 hr 30 min,1 stop,2026-05-26T01:02:48.565720
BLR-HYD,Bangalore,Hyderabad,,8672,10:15 AM,11:30 AM,1 hr 15 min,Nonstop,2026-05-26T01:02:48.570111
BLR-HYD,Bangalore,Hyderabad,,8672,11:35 AM,12:50 PM,1 hr 15 min,Nonstop,2026-05-26T01:02:48.573780
BLR-HYD,Bangalore,Hyderabad,,8672,4:30 PM,5:45 PM,1 hr 15 min,Nonstop,2026-05-26T01:02:48.577076
BLR-HYD,Bangalore,Hyderabad,,8672,9:30 PM,10:45 PM,1 hr 15 min,Nonstop,2026-05-26T01:02:48.580389
BLR-HYD,Bangalore,Hyderabad,,8971,6:35 PM,7:45 PM,1 hr 10 min,Nonstop,2026-05-26T01:02:48.584780
BLR-HYD,Bangalore,Hyderabad,,8971,7:45 PM,9:00 PM,1 hr 15 min,Nonstop,2026-05-26T01:02:48.587735
BLR-HYD,Bangalore,Hyderabad,,9078,12:30 PM,1:50 PM,1 hr 20 min,Nonstop,2026-05-26T01:02:48.590562
BLR-HYD,Bangalore,Hyderabad,,9130,8:25 AM,9:50 AM,1 hr 25 min,Nonstop,2026-05-26T01:02:48.593386
BLR-HYD,Bangalore,Hyderabad,,9130,2:55 PM,4:05 PM,1 hr 10 min,Nonstop,2026-05-26T01:02:48.596077
BLR-HYD,Bangalore,Hyderabad,,9130,5:15 PM,6:40 PM,1 hr 25 min,Nonstop,2026-05-26T01:02:48.599219
BLR-HYD,Bangalore,Hyderabad,,9130,7:05 PM,8:15 PM,1 hr 10 min,Nonstop,2026-05-26T01:02:48.603572
BLR-HYD,Bangalore,Hyderabad,,9298,2:50 PM,4:05 PM,1 hr 15 min,Nonstop,2026-05-26T01:02:48.606344
BLR-HYD,Bangalore,Hyderabad,,9731,6:25 PM,10:50 PM,4 hr 25 min,1 stop,2026-05-26T01:02:48.609290
BLR-HYD,Bangalore,Hyderabad,,8672,6:25 AM,6:25 AM,1 hr 10 min,Nonstop,2026-05-26T01:02:48.612075
BLR-HYD,Bangalore,Hyderabad,,8672,8:15 AM,8:15 AM,1 hr 15 min,Nonstop,2026-05-26T01:02:48.615731
BLR-HYD,Bangalore,Hyderabad,,8672,9:15 AM,9:15 AM,1 hr 15 min,Nonstop,2026-05-26T01:02:48.619406
BLR-HYD,Bangalore,Hyderabad,,8957,12:30 PM,12:30 PM,1 hr 10 min,Nonstop,2026-05-26T01:02:48.622291
BLR-HYD,Bangalore,Hyderabad,,9078,6:05 AM,6:05 AM,1 hr 20 min,Nonstop,2026-05-26T01:02:48.625041
BLR-HYD,Bangalore,Hyderabad,,8104,10:40 AM,10:40 AM,4 hr 25 min,1 stop,2026-05-26T01:02:48.627860
BLR-HYD,Bangalore,Hyderabad,,8311,10:40 AM,10:40 AM,3 hr 30 min,1 stop,2026-05-26T01:02:48.630726
BLR-HYD,Bangalore,Hyderabad,,8672,10:15 AM,10:15 AM,1 hr 15 min,Nonstop,2026-05-26T01:02:48.635874
BLR-HYD,Bangalore,Hyderabad,,8672,11:35 AM,11:35 AM,1 hr 15 min,Nonstop,2026-05-26T01:02:48.638752
BLR-HYD,Bangalore,Hyderabad,,8672,4:30 PM,4:30 PM,1 hr 15 min,Nonstop,2026-05-26T01:02:48.641514
BLR-HYD,Bangalore,Hyderabad,,8672,9:30 PM,9:30 PM,1 hr 15 min,Nonstop,2026-05-26T01:02:48.644222
BLR-HYD,Bangalore,Hyderabad,,8971,6:35 PM,6:35 PM,1 hr 10 min,Nonstop,2026-05-26T01:02:48.647528
BLR-HYD,Bangalore,Hyderabad,,8971,7:45 PM,7:45 PM,1 hr 15 min,Nonstop,2026-05-26T01:02:48.652505
BLR-HYD,Bangalore,Hyderabad,,9078,12:30 PM,12:30 PM,1 hr 20 min,Nonstop,2026-05-26T01:02:48.655541
BLR-HYD,Bangalore,Hyderabad,,9130,8:25 AM,8:25 AM,1 hr 25 min,Nonstop,2026-05-26T01:02:48.658430
BLR-HYD,Bangalore,Hyderabad,,9130,2:55 PM,2:55 PM,1 hr 10 min,Nonstop,2026-05-26T01:02:48.661253
BLR-HYD,Bangalore,Hyderabad,,9130,5:15 PM,5:15 PM,1 hr 25 min,Nonstop,2026-05-26T01:02:48.664298
BLR-HYD,Bangalore,Hyderabad,,9130,7:05 PM,7:05 PM,1 hr 10 min,Nonstop,2026-05-26T01:02:48.668868
BLR-HYD,Bangalore,Hyderabad,,9298,2:50 PM,2:50 PM,1 hr 15 min,Nonstop,2026-05-26T01:02:48.671623
BLR-HYD,Bangalore,Hyderabad,,9731,6:25 PM,6:25 PM,4 hr 25 min,1 stop,2026-05-26T01:02:48.674365
BLR-CCJ,Bangalore,Kerala,,5292,7:15 PM,8:05 PM,,Nonstop,2026-05-26T01:03:01.121944
BLR-CCJ,Bangalore,Kerala,,5593,8:10 PM,9:15 PM,1 hr 5 min,Nonstop,2026-05-26T01:03:01.125962
BLR-CCJ,Bangalore,Kerala,,8893,6:20 PM,7:20 PM,1 hr,Nonstop,2026-05-26T01:03:01.128554
BLR-CCJ,Bangalore,Kerala,,5292,7:15 PM,7:15 PM,,Nonstop,2026-05-26T01:03:01.131113
BLR-CCJ,Bangalore,Kerala,,5593,8:10 PM,8:10 PM,1 hr 5 min,Nonstop,2026-05-26T01:03:01.133797
BLR-CCJ,Bangalore,Kerala,,8893,6:20 PM,6:20 PM,1 hr,Nonstop,2026-05-26T01:03:01.135900
BLR-CCU,Bangalore,Kolkata,,11392,6:05 AM,8:50 AM,2 hr 45 min,Nonstop,2026-05-26T01:03:12.888447
BLR-CCU,Bangalore,Kolkata,,12089,6:30 AM,9:10 AM,2 hr 40 min,Nonstop,2026-05-26T01:03:12.893090
BLR-CCU,Bangalore,Kolkata,,12283,7:05 AM,9:35 AM,2 hr 30 min,Nonstop,2026-05-26T01:03:12.896254
BLR-CCU,Bangalore,Kolkata,,12089,3:05 PM,5:45 PM,2 hr 40 min,Nonstop,2026-05-26T01:03:12.899250
BLR-CCU,Bangalore,Kolkata,,12089,5:05 PM,7:55 PM,2 hr 50 min,Nonstop,2026-05-26T01:03:12.902040
BLR-CCU,Bangalore,Kolkata,,12089,6:30 PM,9:10 PM,2 hr 40 min,Nonstop,2026-05-26T01:03:12.904620
BLR-CCU,Bangalore,Kolkata,,12089,8:20 PM,11:00 PM,2 hr 40 min,Nonstop,2026-05-26T01:03:12.907104
BLR-CCU,Bangalore,Kolkata,,12089,10:20 PM,1:00 AM,2 hr 40 min,Nonstop,2026-05-26T01:03:12.909619
BLR-CCU,Bangalore,Kolkata,,12824,1:40 PM,4:20 PM,2 hr 40 min,Nonstop,2026-05-26T01:03:12.912137
BLR-CCU,Bangalore,Kolkata,,13439,12:00 PM,2:40 PM,2 hr 40 min,Nonstop,2026-05-26T01:03:12.915118
BLR-CCU,Bangalore,Kolkata,,13439,6:55 PM,9:30 PM,2 hr 35 min,Nonstop,2026-05-26T01:03:12.933878
BLR-CCU,Bangalore,Kolkata,,14564,11:40 AM,5:05 PM,5 hr 25 min,1 stop,2026-05-26T01:03:12.938597
BLR-CCU,Bangalore,Kolkata,,14819,8:10 AM,10:35 AM,2 hr 25 min,Nonstop,2026-05-26T01:03:12.941391
BLR-CCU,Bangalore,Kolkata,,34703,4:00 PM,6:30 PM,2 hr 30 min,Nonstop,2026-05-26T01:03:12.944126
BLR-CCU,Bangalore,Kolkata,,11392,6:05 AM,6:05 AM,2 hr 45 min,Nonstop,2026-05-26T01:03:12.946807
BLR-CCU,Bangalore,Kolkata,,12089,6:30 AM,6:30 AM,2 hr 40 min,Nonstop,2026-05-26T01:03:12.949935
BLR-CCU,Bangalore,Kolkata,,12283,7:05 AM,7:05 AM,2 hr 30 min,Nonstop,2026-05-26T01:03:12.953354
BLR-CCU,Bangalore,Kolkata,,12089,3:05 PM,3:05 PM,2 hr 40 min,Nonstop,2026-05-26T01:03:12.956023
BLR-CCU,Bangalore,Kolkata,,12089,5:05 PM,5:05 PM,2 hr 50 min,Nonstop,2026-05-26T01:03:12.958562
BLR-CCU,Bangalore,Kolkata,,12089,6:30 PM,6:30 PM,2 hr 40 min,Nonstop,2026-05-26T01:03:12.961096
BLR-CCU,Bangalore,Kolkata,,12089,8:20 PM,8:20 PM,2 hr 40 min,Nonstop,2026-05-26T01:03:12.963502
BLR-CCU,Bangalore,Kolkata,,12089,10:20 PM,10:20 PM,2 hr 40 min,Nonstop,2026-05-26T01:03:12.965980
BLR-CCU,Bangalore,Kolkata,,12824,1:40 PM,1:40 PM,2 hr 40 min,Nonstop,2026-05-26T01:03:12.968441
BLR-CCU,Bangalore,Kolkata,,13439,12:00 PM,12:00 PM,2 hr 40 min,Nonstop,2026-05-26T01:03:12.970878
BLR-CCU,Bangalore,Kolkata,,13439,6:55 PM,6:55 PM,2 hr 35 min,Nonstop,2026-05-26T01:03:12.973394
BLR-CCU,Bangalore,Kolkata,,14564,11:40 AM,11:40 AM,5 hr 25 min,1 stop,2026-05-26T01:03:12.975799
BLR-CCU,Bangalore,Kolkata,,14819,8:10 AM,8:10 AM,2 hr 25 min,Nonstop,2026-05-26T01:03:12.978152
BLR-CCU,Bangalore,Kolkata,,34703,4:00 PM,4:00 PM,2 hr 30 min,Nonstop,2026-05-26T01:03:12.980503
BLR-MAA,Bangalore,Madras,,8079,7:15 AM,8:15 AM,1 hr,Nonstop,2026-05-26T01:03:26.036396
BLR-MAA,Bangalore,Madras,,8079,10:50 AM,11:45 AM,,Nonstop,2026-05-26T01:03:26.040018
BLR-MAA,Bangalore,Madras,,8337,6:35 AM,7:40 AM,1 hr 5 min,Nonstop,2026-05-26T01:03:26.043083
BLR-MAA,Bangalore,Madras,,8079,12:45 PM,1:55 PM,1 hr 10 min,Nonstop,2026-05-26T01:03:26.045938
BLR-MAA,Bangalore,Madras,,8079,5:15 PM,6:10 PM,,Nonstop,2026-05-26T01:03:26.048555
BLR-MAA,Bangalore,Madras,,8079,6:15 PM,7:15 PM,1 hr,Nonstop,2026-05-26T01:03:26.051127
BLR-MAA,Bangalore,Madras,,8079,7:30 PM,8:35 PM,1 hr 5 min,Nonstop,2026-05-26T01:03:26.053672
BLR-MAA,Bangalore,Madras,,8079,8:20 PM,9:25 PM,1 hr 5 min,Nonstop,2026-05-26T01:03:26.056183
BLR-MAA,Bangalore,Madras,,8079,9:50 PM,10:55 PM,1 hr 5 min,Nonstop,2026-05-26T01:03:26.058748
BLR-MAA,Bangalore,Madras,,8337,8:40 AM,9:50 AM,1 hr 10 min,Nonstop,2026-05-26T01:03:26.061326
BLR-MAA,Bangalore,Madras,,8337,12:40 PM,1:50 PM,1 hr 10 min,Nonstop,2026-05-26T01:03:26.063753
BLR-MAA,Bangalore,Madras,,8337,1:55 PM,3:05 PM,1 hr 10 min,Nonstop,2026-05-26T01:03:26.066387
BLR-MAA,Bangalore,Madras,,8337,10:10 PM,11:20 PM,1 hr 10 min,Nonstop,2026-05-26T01:03:26.068900
BLR-MAA,Bangalore,Madras,,8608,7:40 PM,8:50 PM,1 hr 10 min,Nonstop,2026-05-26T01:03:26.071378
BLR-MAA,Bangalore,Madras,,8079,7:15 AM,7:15 AM,1 hr,Nonstop,2026-05-26T01:03:26.073764
BLR-MAA,Bangalore,Madras,,8079,10:50 AM,10:50 AM,,Nonstop,2026-05-26T01:03:26.076305
BLR-MAA,Bangalore,Madras,,8337,6:35 AM,6:35 AM,1 hr 5 min,Nonstop,2026-05-26T01:03:26.078784
BLR-MAA,Bangalore,Madras,,8079,12:45 PM,12:45 PM,1 hr 10 min,Nonstop,2026-05-26T01:03:26.081237
BLR-MAA,Bangalore,Madras,,8079,5:15 PM,5:15 PM,,Nonstop,2026-05-26T01:03:26.083968
BLR-MAA,Bangalore,Madras,,8079,6:15 PM,6:15 PM,1 hr,Nonstop,2026-05-26T01:03:26.086483
BLR-MAA,Bangalore,Madras,,8079,7:30 PM,7:30 PM,1 hr 5 min,Nonstop,2026-05-26T01:03:26.089117
BLR-MAA,Bangalore,Madras,,8079,8:20 PM,8:20 PM,1 hr 5 min,Nonstop,2026-05-26T01:03:26.091572
BLR-MAA,Bangalore,Madras,,8079,9:50 PM,9:50 PM,1 hr 5 min,Nonstop,2026-05-26T01:03:26.094029
BLR-MAA,Bangalore,Madras,,8337,8:40 AM,8:40 AM,1 hr 10 min,Nonstop,2026-05-26T01:03:26.098075
BLR-MAA,Bangalore,Madras,,8337,12:40 PM,12:40 PM,1 hr 10 min,Nonstop,2026-05-26T01:03:26.100994
BLR-MAA,Bangalore,Madras,,8337,1:55 PM,1:55 PM,1 hr 10 min,Nonstop,2026-05-26T01:03:26.103552
BLR-MAA,Bangalore,Madras,,8337,10:10 PM,10:10 PM,1 hr 10 min,Nonstop,2026-05-26T01:03:26.106206
BLR-MAA,Bangalore,Madras,,8608,7:40 PM,7:40 PM,1 hr 10 min,Nonstop,2026-05-26T01:03:26.108857
BLR-BOM,Bangalore,Mumbai,,8095,6:00 AM,7:55 AM,1 hr 55 min,Nonstop,2026-05-26T01:03:39.002680
BLR-BOM,Bangalore,Mumbai,,8095,7:30 AM,9:20 AM,1 hr 50 min,Nonstop,2026-05-26T01:03:39.007427
BLR-BOM,Bangalore,Mumbai,,8095,10:55 PM,12:45 AM,1 hr 50 min,Nonstop,2026-05-26T01:03:39.011755
BLR-BOM,Bangalore,Mumbai,,7859,12:35 PM,5:50 PM,5 hr 15 min,1 stop,2026-05-26T01:03:39.016047
BLR-BOM,Bangalore,Mumbai,,7859,3:15 PM,7:55 PM,4 hr 40 min,1 stop,2026-05-26T01:03:39.020152
BLR-BOM,Bangalore,Mumbai,,7991,6:25 AM,10:55 AM,4 hr 30 min,1 stop,2026-05-26T01:03:39.024173
BLR-BOM,Bangalore,Mumbai,,8095,5:45 PM,7:40 PM,1 hr 55 min,Nonstop,2026-05-26T01:03:39.028175
BLR-BOM,Bangalore,Mumbai,,9320,1:00 AM,2:50 AM,1 hr 50 min,Nonstop,2026-05-26T01:03:39.032164
BLR-BOM,Bangalore,Mumbai,,9320,3:45 AM,5:30 AM,1 hr 45 min,Nonstop,2026-05-26T01:03:39.036310
BLR-BOM,Bangalore,Mumbai,,9320,5:30 AM,7:15 AM,1 hr 45 min,Nonstop,2026-05-26T01:03:39.040200
BLR-BOM,Bangalore,Mumbai,,9320,7:25 AM,9:10 AM,1 hr 45 min,Nonstop,2026-05-26T01:03:39.044344
BLR-BOM,Bangalore,Mumbai,,9320,8:30 AM,10:15 AM,1 hr 45 min,Nonstop,2026-05-26T01:03:39.050270
BLR-BOM,Bangalore,Mumbai,,9320,10:00 AM,12:05 PM,2 hr 5 min,Nonstop,2026-05-26T01:03:39.064447
BLR-BOM,Bangalore,Mumbai,,9320,11:30 AM,1:20 PM,1 hr 50 min,Nonstop,2026-05-26T01:03:39.072424
BLR-BOM,Bangalore,Mumbai,,9320,1:00 PM,2:50 PM,1 hr 50 min,Nonstop,2026-05-26T01:03:39.079138
BLR-BOM,Bangalore,Mumbai,,9320,2:20 PM,4:05 PM,1 hr 45 min,Nonstop,2026-05-26T01:03:39.083292
BLR-BOM,Bangalore,Mumbai,,9320,4:00 PM,5:45 PM,1 hr 45 min,Nonstop,2026-05-26T01:03:39.087232
BLR-BOM,Bangalore,Mumbai,,9320,5:25 PM,7:15 PM,1 hr 50 min,Nonstop,2026-05-26T01:03:39.091210
BLR-BOM,Bangalore,Mumbai,,9320,10:20 PM,12:05 AM,1 hr 45 min,Nonstop,2026-05-26T01:03:39.095162
BLR-BOM,Bangalore,Mumbai,,9714,4:15 AM,6:15 AM,2 hr,Nonstop,2026-05-26T01:03:39.099014
BLR-BOM,Bangalore,Mumbai,,9714,10:35 PM,12:35 AM,2 hr,Nonstop,2026-05-26T01:03:39.102986
BLR-BOM,Bangalore,Mumbai,,10085,7:05 PM,8:40 PM,1 hr 35 min,Nonstop,2026-05-26T01:03:39.106876
BLR-BOM,Bangalore,Mumbai,,10085,8:15 PM,10:00 PM,1 hr 45 min,Nonstop,2026-05-26T01:03:39.110626
BLR-BOM,Bangalore,Mumbai,,10926,11:40 PM,1:45 AM,2 hr 5 min,Nonstop,2026-05-26T01:03:39.114539
BLR-BOM,Bangalore,Mumbai,,11314,2:20 AM,4:10 AM,1 hr 50 min,Nonstop,2026-05-26T01:03:39.118600
BLR-BOM,Bangalore,Mumbai,,11314,6:35 AM,8:35 AM,2 hr,Nonstop,2026-05-26T01:03:39.122437
BLR-BOM,Bangalore,Mumbai,,11314,10:30 PM,12:35 AM,2 hr 5 min,Nonstop,2026-05-26T01:03:39.126162
BLR-BOM,Bangalore,Mumbai,,11414,10:30 AM,12:35 PM,2 hr 5 min,Nonstop,2026-05-26T01:03:39.130459
BLR-BOM,Bangalore,Mumbai,,11414,12:05 PM,2:05 PM,2 hr,Nonstop,2026-05-26T01:03:39.135832
BLR-BOM,Bangalore,Mumbai,,11414,9:30 PM,11:35 PM,2 hr 5 min,Nonstop,2026-05-26T01:03:39.140055
BLR-BOM,Bangalore,Mumbai,,11524,9:15 AM,11:15 AM,2 hr,Nonstop,2026-05-26T01:03:39.144006
BLR-BOM,Bangalore,Mumbai,,11634,8:20 AM,10:20 AM,2 hr,Nonstop,2026-05-26T01:03:39.148242
BLR-BOM,Bangalore,Mumbai,,11634,6:05 PM,8:05 PM,2 hr,Nonstop,2026-05-26T01:03:39.153328
BLR-BOM,Bangalore,Mumbai,,12306,8:30 PM,10:40 PM,2 hr 10 min,Nonstop,2026-05-26T01:03:39.158375
BLR-BOM,Bangalore,Mumbai,,12432,7:00 PM,9:05 PM,2 hr 5 min,Nonstop,2026-05-26T01:03:39.162448
BLR-BOM,Bangalore,Mumbai,,8095,6:00 AM,6:00 AM,1 hr 55 min,Nonstop,2026-05-26T01:03:39.170357
BLR-BOM,Bangalore,Mumbai,,8095,7:30 AM,7:30 AM,1 hr 50 min,Nonstop,2026-05-26T01:03:39.174132
BLR-BOM,Bangalore,Mumbai,,8095,10:55 PM,10:55 PM,1 hr 50 min,Nonstop,2026-05-26T01:03:39.177945
BLR-BOM,Bangalore,Mumbai,,7859,12:35 PM,12:35 PM,5 hr 15 min,1 stop,2026-05-26T01:03:39.181858
BLR-BOM,Bangalore,Mumbai,,7859,3:15 PM,3:15 PM,4 hr 40 min,1 stop,2026-05-26T01:03:39.185926
BLR-BOM,Bangalore,Mumbai,,7991,6:25 AM,6:25 AM,4 hr 30 min,1 stop,2026-05-26T01:03:39.189790
BLR-BOM,Bangalore,Mumbai,,8095,5:45 PM,5:45 PM,1 hr 55 min,Nonstop,2026-05-26T01:03:39.193654
BLR-BOM,Bangalore,Mumbai,,9320,1:00 AM,1:00 AM,1 hr 50 min,Nonstop,2026-05-26T01:03:39.197846
BLR-BOM,Bangalore,Mumbai,,9320,3:45 AM,3:45 AM,1 hr 45 min,Nonstop,2026-05-26T01:03:39.201853
BLR-BOM,Bangalore,Mumbai,,9320,5:30 AM,5:30 AM,1 hr 45 min,Nonstop,2026-05-26T01:03:39.205894
BLR-BOM,Bangalore,Mumbai,,9320,7:25 AM,7:25 AM,1 hr 45 min,Nonstop,2026-05-26T01:03:39.209906
BLR-BOM,Bangalore,Mumbai,,9320,8:30 AM,8:30 AM,1 hr 45 min,Nonstop,2026-05-26T01:03:39.214461
BLR-BOM,Bangalore,Mumbai,,9320,10:00 AM,10:00 AM,2 hr 5 min,Nonstop,2026-05-26T01:03:39.218975
BLR-BOM,Bangalore,Mumbai,,9320,11:30 AM,11:30 AM,1 hr 50 min,Nonstop,2026-05-26T01:03:39.223675
BLR-BOM,Bangalore,Mumbai,,9320,1:00 PM,1:00 PM,1 hr 50 min,Nonstop,2026-05-26T01:03:39.227757
BLR-BOM,Bangalore,Mumbai,,9320,2:20 PM,2:20 PM,1 hr 45 min,Nonstop,2026-05-26T01:03:39.231993
BLR-BOM,Bangalore,Mumbai,,9320,4:00 PM,4:00 PM,1 hr 45 min,Nonstop,2026-05-26T01:03:39.236226
BLR-BOM,Bangalore,Mumbai,,9320,5:25 PM,5:25 PM,1 hr 50 min,Nonstop,2026-05-26T01:03:39.240127
BLR-BOM,Bangalore,Mumbai,,9320,10:20 PM,10:20 PM,1 hr 45 min,Nonstop,2026-05-26T01:03:39.244108
BLR-BOM,Bangalore,Mumbai,,9714,4:15 AM,4:15 AM,2 hr,Nonstop,2026-05-26T01:03:39.248332
BLR-BOM,Bangalore,Mumbai,,9714,10:35 PM,10:35 PM,2 hr,Nonstop,2026-05-26T01:03:39.252691
BLR-BOM,Bangalore,Mumbai,,10085,7:05 PM,7:05 PM,1 hr 35 min,Nonstop,2026-05-26T01:03:39.256726
BLR-BOM,Bangalore,Mumbai,,10085,8:15 PM,8:15 PM,1 hr 45 min,Nonstop,2026-05-26T01:03:39.260751
BLR-BOM,Bangalore,Mumbai,,10926,11:40 PM,11:40 PM,2 hr 5 min,Nonstop,2026-05-26T01:03:39.265060
BLR-BOM,Bangalore,Mumbai,,11314,2:20 AM,2:20 AM,1 hr 50 min,Nonstop,2026-05-26T01:03:39.269121
BLR-BOM,Bangalore,Mumbai,,11314,6:35 AM,6:35 AM,2 hr,Nonstop,2026-05-26T01:03:39.272957
BLR-BOM,Bangalore,Mumbai,,11314,10:30 PM,10:30 PM,2 hr 5 min,Nonstop,2026-05-26T01:03:39.276775
BLR-BOM,Bangalore,Mumbai,,11414,10:30 AM,10:30 AM,2 hr 5 min,Nonstop,2026-05-26T01:03:39.280588
BLR-BOM,Bangalore,Mumbai,,11414,12:05 PM,12:05 PM,2 hr,Nonstop,2026-05-26T01:03:39.284739
BLR-BOM,Bangalore,Mumbai,,11414,9:30 PM,9:30 PM,2 hr 5 min,Nonstop,2026-05-26T01:03:39.288497
BLR-BOM,Bangalore,Mumbai,,11524,9:15 AM,9:15 AM,2 hr,Nonstop,2026-05-26T01:03:39.292181
BLR-BOM,Bangalore,Mumbai,,11634,8:20 AM,8:20 AM,2 hr,Nonstop,2026-05-26T01:03:39.296257
BLR-BOM,Bangalore,Mumbai,,11634,6:05 PM,6:05 PM,2 hr,Nonstop,2026-05-26T01:03:39.302206
BLR-BOM,Bangalore,Mumbai,,12306,8:30 PM,8:30 PM,2 hr 10 min,Nonstop,2026-05-26T01:03:39.306121
BLR-BOM,Bangalore,Mumbai,,12432,7:00 PM,7:00 PM,2 hr 5 min,Nonstop,2026-05-26T01:03:39.309993
BLR-TRV,Bangalore,Trivandrum,,7584,3:15 PM,4:35 PM,1 hr 20 min,Nonstop,2026-05-26T01:03:54.297204
BLR-TRV,Bangalore,Trivandrum,,7783,7:20 AM,8:40 AM,1 hr 20 min,Nonstop,2026-05-26T01:03:54.300996
BLR-TRV,Bangalore,Trivandrum,,7783,10:30 AM,11:50 AM,1 hr 20 min,Nonstop,2026-05-26T01:03:54.303400
BLR-TRV,Bangalore,Trivandrum,,8438,5:15 PM,8:30 PM,3 hr 15 min,1 stop,2026-05-26T01:03:54.307584
BLR-TRV,Bangalore,Trivandrum,,7584,3:15 PM,3:15 PM,1 hr 20 min,Nonstop,2026-05-26T01:03:54.309599
BLR-TRV,Bangalore,Trivandrum,,7783,7:20 AM,7:20 AM,1 hr 20 min,Nonstop,2026-05-26T01:03:54.311474
BLR-TRV,Bangalore,Trivandrum,,7783,10:30 AM,10:30 AM,1 hr 20 min,Nonstop,2026-05-26T01:03:54.313361
BLR-TRV,Bangalore,Trivandrum,,8438,5:15 PM,5:15 PM,3 hr 15 min,1 stop,2026-05-26T01:03:54.317411
COK-GOI,Cochin,Dabolim,,7030,12:15 PM,1:35 PM,1 hr 20 min,Nonstop,2026-05-26T01:04:08.344459
COK-GOI,Cochin,Dabolim,,8029,9:40 PM,7:20 AM,9 hr 40 min,1 stop,2026-05-26T01:04:08.348745
COK-GOI,Cochin,Dabolim,,8253,4:05 PM,8:25 PM,4 hr 20 min,1 stop,2026-05-26T01:04:08.351639
COK-GOI,Cochin,Dabolim,,8498,1:25 PM,6:55 PM,5 hr 30 min,1 stop,2026-05-26T01:04:08.354332
COK-GOI,Cochin,Dabolim,,11075,3:00 PM,7:10 PM,4 hr 10 min,1 stop,2026-05-26T01:04:08.356775
COK-GOI,Cochin,Dabolim,,12912,10:25 AM,2:15 PM,3 hr 50 min,1 stop,2026-05-26T01:04:08.359171
COK-GOI,Cochin,Dabolim,,15535,5:35 PM,2:15 PM,20 hr 40 min,1 stop,2026-05-26T01:04:08.361557
COK-GOI,Cochin,Dabolim,,15591,11:10 PM,12:40 PM,13 hr 30 min,1 stop,2026-05-26T01:04:08.363881
COK-GOI,Cochin,Dabolim,,17120,7:45 AM,12:40 PM,4 hr 55 min,1 stop,2026-05-26T01:04:08.367819
COK-GOI,Cochin,Dabolim,,7030,12:15 PM,12:15 PM,1 hr 20 min,Nonstop,2026-05-26T01:04:08.370166
COK-GOI,Cochin,Dabolim,,8029,9:40 PM,9:40 PM,9 hr 40 min,1 stop,2026-05-26T01:04:08.374305
COK-GOI,Cochin,Dabolim,,8253,4:05 PM,4:05 PM,4 hr 20 min,1 stop,2026-05-26T01:04:08.377405
COK-GOI,Cochin,Dabolim,,8498,1:25 PM,1:25 PM,5 hr 30 min,1 stop,2026-05-26T01:04:08.379907
COK-GOI,Cochin,Dabolim,,11075,3:00 PM,3:00 PM,4 hr 10 min,1 stop,2026-05-26T01:04:08.382761
COK-GOI,Cochin,Dabolim,,12912,10:25 AM,10:25 AM,3 hr 50 min,1 stop,2026-05-26T01:04:08.386011
COK-GOI,Cochin,Dabolim,,15535,5:35 PM,5:35 PM,20 hr 40 min,1 stop,2026-05-26T01:04:08.388455
COK-GOI,Cochin,Dabolim,,15591,11:10 PM,11:10 PM,13 hr 30 min,1 stop,2026-05-26T01:04:08.390968
COK-GOI,Cochin,Dabolim,,17120,7:45 AM,7:45 AM,4 hr 55 min,1 stop,2026-05-26T01:04:08.393242
